index,auc,accuracy,params,iteration
49,0.686371285081252,0.7573503315132606,"{'eta': 0.05, 'max_depth': 9, 'gamma': 0.2, 'alpha': 0.5, 'lambda': 1e-05, 'subsample': 0.7, 'colsample_bytree': 0.6, 'objective': 'binary:logistic', 'min_child_weight': 1, 'verbosity': 0, 'nthread': 6, 'eval_metric': 'auc', 'seed': 15, 'scale_pos_weight': 3}",49
7,0.6853417336184346,0.7573532566302653,"{'eta': 0.2, 'max_depth': 9, 'gamma': 0.0, 'alpha': 0.5, 'lambda': 10, 'subsample': 0.5, 'colsample_bytree': 0.6, 'objective': 'binary:logistic', 'min_child_weight': 1, 'verbosity': 0, 'nthread': 6, 'eval_metric': 'auc', 'seed': 15, 'scale_pos_weight': 3}",7
35,0.6850494701760675,0.7595417316692668,"{'eta': 0.14, 'max_depth': 7, 'gamma': 0.1, 'alpha': 1e-05, 'lambda': 1e-05, 'subsample': 0.7, 'colsample_bytree': 0.6, 'objective': 'binary:logistic', 'min_child_weight': 1, 'verbosity': 0, 'nthread': 6, 'eval_metric': 'auc', 'seed': 15, 'scale_pos_weight': 3}",35
6,0.6849270608432011,0.7557902691107644,"{'eta': 0.1, 'max_depth': 7, 'gamma': 0.2, 'alpha': 5, 'lambda': 5, 'subsample': 0.8, 'colsample_bytree': 0.8, 'objective': 'binary:logistic', 'min_child_weight': 1, 'verbosity': 0, 'nthread': 6, 'eval_metric': 'auc', 'seed': 15, 'scale_pos_weight': 3}",6
42,0.6846721977824439,0.7551672191887675,"{'eta': 0.01, 'max_depth': 8, 'gamma': 0.4, 'alpha': 1e-05, 'lambda': 1, 'subsample': 0.8, 'colsample_bytree': 0.8, 'objective': 'binary:logistic', 'min_child_weight': 1, 'verbosity': 0, 'nthread': 6, 'eval_metric': 'auc', 'seed': 15, 'scale_pos_weight': 3}",42
71,0.684213339635629,0.7551638065522621,"{'eta': 0.14, 'max_depth': 4, 'gamma': 0.1, 'alpha': 1, 'lambda': 1, 'subsample': 0.8, 'colsample_bytree': 0.6, 'objective': 'binary:logistic', 'min_child_weight': 1, 'verbosity': 0, 'nthread': 6, 'eval_metric': 'auc', 'seed': 15, 'scale_pos_weight': 3}",71
8,0.6840771929025405,0.755788806552262,"{'eta': 0.05, 'max_depth': 7, 'gamma': 0.1, 'alpha': 1, 'lambda': 10, 'subsample': 0.5, 'colsample_bytree': 0.7, 'objective': 'binary:logistic', 'min_child_weight': 1, 'verbosity': 0, 'nthread': 6, 'eval_metric': 'auc', 'seed': 15, 'scale_pos_weight': 3}",8
65,0.6835986714249682,0.7586013065522621,"{'eta': 0.1, 'max_depth': 8, 'gamma': 0.0, 'alpha': 5, 'lambda': 0.01, 'subsample': 0.8, 'colsample_bytree': 0.6, 'objective': 'binary:logistic', 'min_child_weight': 1, 'verbosity': 0, 'nthread': 6, 'eval_metric': 'auc', 'seed': 15, 'scale_pos_weight': 3}",65
91,0.6835706087246184,0.7614152691107645,"{'eta': 0.14, 'max_depth': 7, 'gamma': 0.0, 'alpha': 1e-05, 'lambda': 5, 'subsample': 0.5, 'colsample_bytree': 0.8, 'objective': 'binary:logistic', 'min_child_weight': 1, 'verbosity': 0, 'nthread': 6, 'eval_metric': 'auc', 'seed': 15, 'scale_pos_weight': 3}",91
79,0.6834029264330085,0.7601613689547582,"{'eta': 0.05, 'max_depth': 7, 'gamma': 0.2, 'alpha': 0.5, 'lambda': 0.01, 'subsample': 0.9, 'colsample_bytree': 0.8, 'objective': 'binary:logistic', 'min_child_weight': 1, 'verbosity': 0, 'nthread': 6, 'eval_metric': 'auc', 'seed': 15, 'scale_pos_weight': 3}",79
75,0.6832661235264593,0.7529787441497661,"{'eta': 0.05, 'max_depth': 5, 'gamma': 0.3, 'alpha': 0.01, 'lambda': 10, 'subsample': 0.8, 'colsample_bytree': 0.7, 'objective': 'binary:logistic', 'min_child_weight': 1, 'verbosity': 0, 'nthread': 6, 'eval_metric': 'auc', 'seed': 15, 'scale_pos_weight': 3}",75
30,0.6830934970499241,0.7586017940717629,"{'eta': 0.14, 'max_depth': 4, 'gamma': 0.4, 'alpha': 1, 'lambda': 1, 'subsample': 0.9, 'colsample_bytree': 0.7, 'objective': 'binary:logistic', 'min_child_weight': 1, 'verbosity': 0, 'nthread': 6, 'eval_metric': 'auc', 'seed': 15, 'scale_pos_weight': 3}",30
61,0.6830426969820571,0.7561032566302652,"{'eta': 0.01, 'max_depth': 9, 'gamma': 0.4, 'alpha': 1e-05, 'lambda': 0.1, 'subsample': 0.5, 'colsample_bytree': 0.6, 'objective': 'binary:logistic', 'min_child_weight': 1, 'verbosity': 0, 'nthread': 6, 'eval_metric': 'auc', 'seed': 15, 'scale_pos_weight': 3}",61
45,0.6825346435561661,0.7598483814352575,"{'eta': 0.05, 'max_depth': 8, 'gamma': 0.2, 'alpha': 0.5, 'lambda': 0.5, 'subsample': 0.7, 'colsample_bytree': 0.9, 'objective': 'binary:logistic', 'min_child_weight': 1, 'verbosity': 0, 'nthread': 6, 'eval_metric': 'auc', 'seed': 15, 'scale_pos_weight': 3}",45
32,0.6822212534279525,0.7607858814352575,"{'eta': 0.12, 'max_depth': 8, 'gamma': 0.3, 'alpha': 1, 'lambda': 0.01, 'subsample': 0.7, 'colsample_bytree': 0.8, 'objective': 'binary:logistic', 'min_child_weight': 1, 'verbosity': 0, 'nthread': 6, 'eval_metric': 'auc', 'seed': 15, 'scale_pos_weight': 3}",32
11,0.6820472150059785,0.7557912441497658,"{'eta': 0.1, 'max_depth': 7, 'gamma': 0.1, 'alpha': 0.01, 'lambda': 1, 'subsample': 0.9, 'colsample_bytree': 0.7, 'objective': 'binary:logistic', 'min_child_weight': 1, 'verbosity': 0, 'nthread': 6, 'eval_metric': 'auc', 'seed': 15, 'scale_pos_weight': 3}",11
23,0.6820416486856168,0.7545402691107643,"{'eta': 0.07, 'max_depth': 4, 'gamma': 0.3, 'alpha': 1, 'lambda': 0.1, 'subsample': 0.7, 'colsample_bytree': 0.6, 'objective': 'binary:logistic', 'min_child_weight': 1, 'verbosity': 0, 'nthread': 6, 'eval_metric': 'auc', 'seed': 15, 'scale_pos_weight': 3}",23
97,0.6819375224436384,0.757039294071763,"{'eta': 0.1, 'max_depth': 5, 'gamma': 0.2, 'alpha': 1e-05, 'lambda': 1e-05, 'subsample': 0.6, 'colsample_bytree': 0.5, 'objective': 'binary:logistic', 'min_child_weight': 1, 'verbosity': 0, 'nthread': 6, 'eval_metric': 'auc', 'seed': 15, 'scale_pos_weight': 3}",97
4,0.6816812474146625,0.7567253315132605,"{'eta': 0.05, 'max_depth': 5, 'gamma': 0.4, 'alpha': 0.5, 'lambda': 0.01, 'subsample': 0.9, 'colsample_bytree': 0.8, 'objective': 'binary:logistic', 'min_child_weight': 1, 'verbosity': 0, 'nthread': 6, 'eval_metric': 'auc', 'seed': 15, 'scale_pos_weight': 3}",4
39,0.6815377961977706,0.7601633190327612,"{'eta': 0.05, 'max_depth': 7, 'gamma': 0.1, 'alpha': 0.5, 'lambda': 0.5, 'subsample': 0.8, 'colsample_bytree': 0.8, 'objective': 'binary:logistic', 'min_child_weight': 1, 'verbosity': 0, 'nthread': 6, 'eval_metric': 'auc', 'seed': 15, 'scale_pos_weight': 3}",39
80,0.6813256742510221,0.7604758190327614,"{'eta': 0.05, 'max_depth': 8, 'gamma': 0.0, 'alpha': 0.01, 'lambda': 1, 'subsample': 0.5, 'colsample_bytree': 0.7, 'objective': 'binary:logistic', 'min_child_weight': 1, 'verbosity': 0, 'nthread': 6, 'eval_metric': 'auc', 'seed': 15, 'scale_pos_weight': 3}",80
59,0.6810643739268389,0.7595349063962559,"{'eta': 0.2, 'max_depth': 4, 'gamma': 0.3, 'alpha': 0.1, 'lambda': 0.01, 'subsample': 0.9, 'colsample_bytree': 0.6, 'objective': 'binary:logistic', 'min_child_weight': 1, 'verbosity': 0, 'nthread': 6, 'eval_metric': 'auc', 'seed': 15, 'scale_pos_weight': 3}",59
98,0.6809506301883596,0.7570383190327613,"{'eta': 0.07, 'max_depth': 9, 'gamma': 0.0, 'alpha': 5, 'lambda': 0.1, 'subsample': 0.9, 'colsample_bytree': 0.6, 'objective': 'binary:logistic', 'min_child_weight': 1, 'verbosity': 0, 'nthread': 6, 'eval_metric': 'auc', 'seed': 15, 'scale_pos_weight': 3}",98
52,0.6808709226352031,0.758288806552262,"{'eta': 0.14, 'max_depth': 4, 'gamma': 0.1, 'alpha': 0.5, 'lambda': 0.5, 'subsample': 0.6, 'colsample_bytree': 0.9, 'objective': 'binary:logistic', 'min_child_weight': 1, 'verbosity': 0, 'nthread': 6, 'eval_metric': 'auc', 'seed': 15, 'scale_pos_weight': 3}",52
5,0.6806864388872931,0.7598513065522621,"{'eta': 0.2, 'max_depth': 6, 'gamma': 0.3, 'alpha': 1e-05, 'lambda': 0.5, 'subsample': 0.9, 'colsample_bytree': 0.7, 'objective': 'binary:logistic', 'min_child_weight': 1, 'verbosity': 0, 'nthread': 6, 'eval_metric': 'auc', 'seed': 15, 'scale_pos_weight': 3}",5
72,0.6804857936478219,0.7579767940717629,"{'eta': 0.2, 'max_depth': 8, 'gamma': 0.1, 'alpha': 5, 'lambda': 0.5, 'subsample': 0.7, 'colsample_bytree': 0.8, 'objective': 'binary:logistic', 'min_child_weight': 1, 'verbosity': 0, 'nthread': 6, 'eval_metric': 'auc', 'seed': 15, 'scale_pos_weight': 3}",72
22,0.6803904600770263,0.756728744149766,"{'eta': 0.14, 'max_depth': 5, 'gamma': 0.4, 'alpha': 0.5, 'lambda': 1, 'subsample': 0.5, 'colsample_bytree': 0.6, 'objective': 'binary:logistic', 'min_child_weight': 1, 'verbosity': 0, 'nthread': 6, 'eval_metric': 'auc', 'seed': 15, 'scale_pos_weight': 3}",22
40,0.6803901530833147,0.7564177067082684,"{'eta': 0.12, 'max_depth': 4, 'gamma': 0.3, 'alpha': 1e-05, 'lambda': 0.5, 'subsample': 0.7, 'colsample_bytree': 0.8, 'objective': 'binary:logistic', 'min_child_weight': 1, 'verbosity': 0, 'nthread': 6, 'eval_metric': 'auc', 'seed': 15, 'scale_pos_weight': 3}",40
50,0.6803876356619245,0.7557917316692668,"{'eta': 0.07, 'max_depth': 4, 'gamma': 0.4, 'alpha': 0.1, 'lambda': 0.1, 'subsample': 0.6, 'colsample_bytree': 0.8, 'objective': 'binary:logistic', 'min_child_weight': 1, 'verbosity': 0, 'nthread': 6, 'eval_metric': 'auc', 'seed': 15, 'scale_pos_weight': 3}",50
18,0.680371189416744,0.7548527691107645,"{'eta': 0.05, 'max_depth': 9, 'gamma': 0.4, 'alpha': 0.5, 'lambda': 5, 'subsample': 0.7, 'colsample_bytree': 0.5, 'objective': 'binary:logistic', 'min_child_weight': 1, 'verbosity': 0, 'nthread': 6, 'eval_metric': 'auc', 'seed': 15, 'scale_pos_weight': 3}",18
31,0.6803477994822918,0.7567272815912637,"{'eta': 0.07, 'max_depth': 6, 'gamma': 0.1, 'alpha': 1, 'lambda': 5, 'subsample': 0.9, 'colsample_bytree': 0.5, 'objective': 'binary:logistic', 'min_child_weight': 1, 'verbosity': 0, 'nthread': 6, 'eval_metric': 'auc', 'seed': 15, 'scale_pos_weight': 3}",31
77,0.680229136441555,0.7557907566302653,"{'eta': 0.14, 'max_depth': 6, 'gamma': 0.4, 'alpha': 0.1, 'lambda': 0.01, 'subsample': 0.6, 'colsample_bytree': 0.6, 'objective': 'binary:logistic', 'min_child_weight': 1, 'verbosity': 0, 'nthread': 6, 'eval_metric': 'auc', 'seed': 15, 'scale_pos_weight': 3}",77
95,0.6799251934509128,0.7620383190327613,"{'eta': 0.2, 'max_depth': 6, 'gamma': 0.3, 'alpha': 0.1, 'lambda': 1, 'subsample': 0.6, 'colsample_bytree': 0.7, 'objective': 'binary:logistic', 'min_child_weight': 1, 'verbosity': 0, 'nthread': 6, 'eval_metric': 'auc', 'seed': 15, 'scale_pos_weight': 3}",95
58,0.6796359578192441,0.7570402691107645,"{'eta': 0.07, 'max_depth': 4, 'gamma': 0.1, 'alpha': 0.5, 'lambda': 0.1, 'subsample': 0.8, 'colsample_bytree': 0.6, 'objective': 'binary:logistic', 'min_child_weight': 1, 'verbosity': 0, 'nthread': 6, 'eval_metric': 'auc', 'seed': 15, 'scale_pos_weight': 3}",58
68,0.6796301217334436,0.7570388065522622,"{'eta': 0.07, 'max_depth': 9, 'gamma': 0.0, 'alpha': 0.01, 'lambda': 1e-05, 'subsample': 0.7, 'colsample_bytree': 0.9, 'objective': 'binary:logistic', 'min_child_weight': 1, 'verbosity': 0, 'nthread': 6, 'eval_metric': 'auc', 'seed': 15, 'scale_pos_weight': 3}",68
60,0.6795470352186677,0.7557922191887675,"{'eta': 0.12, 'max_depth': 9, 'gamma': 0.4, 'alpha': 1, 'lambda': 10, 'subsample': 0.7, 'colsample_bytree': 0.9, 'objective': 'binary:logistic', 'min_child_weight': 1, 'verbosity': 0, 'nthread': 6, 'eval_metric': 'auc', 'seed': 15, 'scale_pos_weight': 3}",60
84,0.6790117286826061,0.7642228939157567,"{'eta': 0.1, 'max_depth': 8, 'gamma': 0.2, 'alpha': 0.5, 'lambda': 1, 'subsample': 0.8, 'colsample_bytree': 0.7, 'objective': 'binary:logistic', 'min_child_weight': 1, 'verbosity': 0, 'nthread': 6, 'eval_metric': 'auc', 'seed': 15, 'scale_pos_weight': 3}",84
34,0.6789719236074581,0.7532907566302652,"{'eta': 0.07, 'max_depth': 4, 'gamma': 0.2, 'alpha': 0.1, 'lambda': 0.01, 'subsample': 0.5, 'colsample_bytree': 0.8, 'objective': 'binary:logistic', 'min_child_weight': 1, 'verbosity': 0, 'nthread': 6, 'eval_metric': 'auc', 'seed': 15, 'scale_pos_weight': 3}",34
74,0.6789651437711448,0.7567258190327613,"{'eta': 0.07, 'max_depth': 9, 'gamma': 0.0, 'alpha': 0.1, 'lambda': 0.01, 'subsample': 0.9, 'colsample_bytree': 0.5, 'objective': 'binary:logistic', 'min_child_weight': 1, 'verbosity': 0, 'nthread': 6, 'eval_metric': 'auc', 'seed': 15, 'scale_pos_weight': 3}",74
44,0.6788855175829582,0.7554753315132606,"{'eta': 0.1, 'max_depth': 9, 'gamma': 0.3, 'alpha': 0.5, 'lambda': 5, 'subsample': 0.9, 'colsample_bytree': 0.5, 'objective': 'binary:logistic', 'min_child_weight': 1, 'verbosity': 0, 'nthread': 6, 'eval_metric': 'auc', 'seed': 15, 'scale_pos_weight': 3}",44
25,0.6785664630824797,0.7595373439937598,"{'eta': 0.07, 'max_depth': 8, 'gamma': 0.1, 'alpha': 0.1, 'lambda': 1e-05, 'subsample': 0.6, 'colsample_bytree': 0.9, 'objective': 'binary:logistic', 'min_child_weight': 1, 'verbosity': 0, 'nthread': 6, 'eval_metric': 'auc', 'seed': 15, 'scale_pos_weight': 3}",25
67,0.6784968324404628,0.7551657566302652,"{'eta': 0.12, 'max_depth': 9, 'gamma': 0.3, 'alpha': 0.1, 'lambda': 0.01, 'subsample': 0.6, 'colsample_bytree': 0.9, 'objective': 'binary:logistic', 'min_child_weight': 1, 'verbosity': 0, 'nthread': 6, 'eval_metric': 'auc', 'seed': 15, 'scale_pos_weight': 3}",67
51,0.6781797414687627,0.7601628315132606,"{'eta': 0.14, 'max_depth': 7, 'gamma': 0.1, 'alpha': 0.01, 'lambda': 0.5, 'subsample': 0.9, 'colsample_bytree': 0.5, 'objective': 'binary:logistic', 'min_child_weight': 1, 'verbosity': 0, 'nthread': 6, 'eval_metric': 'auc', 'seed': 15, 'scale_pos_weight': 3}",51
69,0.678170907720028,0.7579763065522622,"{'eta': 0.07, 'max_depth': 7, 'gamma': 0.4, 'alpha': 1e-05, 'lambda': 0.5, 'subsample': 0.9, 'colsample_bytree': 0.5, 'objective': 'binary:logistic', 'min_child_weight': 1, 'verbosity': 0, 'nthread': 6, 'eval_metric': 'auc', 'seed': 15, 'scale_pos_weight': 3}",69
63,0.6781355830104508,0.7623508190327613,"{'eta': 0.14, 'max_depth': 7, 'gamma': 0.2, 'alpha': 0.1, 'lambda': 0.1, 'subsample': 0.8, 'colsample_bytree': 0.9, 'objective': 'binary:logistic', 'min_child_weight': 1, 'verbosity': 0, 'nthread': 6, 'eval_metric': 'auc', 'seed': 15, 'scale_pos_weight': 3}",63
83,0.6781028138168788,0.7592253315132604,"{'eta': 0.1, 'max_depth': 8, 'gamma': 0.2, 'alpha': 1, 'lambda': 1, 'subsample': 0.6, 'colsample_bytree': 0.6, 'objective': 'binary:logistic', 'min_child_weight': 1, 'verbosity': 0, 'nthread': 6, 'eval_metric': 'auc', 'seed': 15, 'scale_pos_weight': 3}",83
92,0.6779408888695965,0.7601608814352574,"{'eta': 0.05, 'max_depth': 9, 'gamma': 0.0, 'alpha': 0.01, 'lambda': 0.5, 'subsample': 0.7, 'colsample_bytree': 0.7, 'objective': 'binary:logistic', 'min_child_weight': 1, 'verbosity': 0, 'nthread': 6, 'eval_metric': 'auc', 'seed': 15, 'scale_pos_weight': 3}",92
24,0.6776827794331328,0.7560993564742591,"{'eta': 0.14, 'max_depth': 7, 'gamma': 0.2, 'alpha': 0.5, 'lambda': 0.1, 'subsample': 0.5, 'colsample_bytree': 0.9, 'objective': 'binary:logistic', 'min_child_weight': 1, 'verbosity': 0, 'nthread': 6, 'eval_metric': 'auc', 'seed': 15, 'scale_pos_weight': 3}",24
93,0.6774975757089893,0.7570363689547582,"{'eta': 0.12, 'max_depth': 5, 'gamma': 0.2, 'alpha': 0.1, 'lambda': 0.5, 'subsample': 0.9, 'colsample_bytree': 0.9, 'objective': 'binary:logistic', 'min_child_weight': 1, 'verbosity': 0, 'nthread': 6, 'eval_metric': 'auc', 'seed': 15, 'scale_pos_weight': 3}",93
56,0.67743230284782,0.7570383190327613,"{'eta': 0.2, 'max_depth': 4, 'gamma': 0.3, 'alpha': 0.01, 'lambda': 5, 'subsample': 0.6, 'colsample_bytree': 0.9, 'objective': 'binary:logistic', 'min_child_weight': 1, 'verbosity': 0, 'nthread': 6, 'eval_metric': 'auc', 'seed': 15, 'scale_pos_weight': 3}",56
64,0.6774146373174287,0.7554738689547582,"{'eta': 0.14, 'max_depth': 6, 'gamma': 0.0, 'alpha': 10, 'lambda': 0.5, 'subsample': 0.9, 'colsample_bytree': 0.6, 'objective': 'binary:logistic', 'min_child_weight': 1, 'verbosity': 0, 'nthread': 6, 'eval_metric': 'auc', 'seed': 15, 'scale_pos_weight': 3}",64
46,0.67729823940882,0.7554782566302652,"{'eta': 0.1, 'max_depth': 7, 'gamma': 0.0, 'alpha': 0.01, 'lambda': 10, 'subsample': 0.6, 'colsample_bytree': 0.6, 'objective': 'binary:logistic', 'min_child_weight': 1, 'verbosity': 0, 'nthread': 6, 'eval_metric': 'auc', 'seed': 15, 'scale_pos_weight': 3}",46
53,0.6772812523607266,0.7536027691107645,"{'eta': 0.07, 'max_depth': 9, 'gamma': 0.3, 'alpha': 5, 'lambda': 5, 'subsample': 0.8, 'colsample_bytree': 0.8, 'objective': 'binary:logistic', 'min_child_weight': 1, 'verbosity': 0, 'nthread': 6, 'eval_metric': 'auc', 'seed': 15, 'scale_pos_weight': 3}",53
57,0.6770275889263508,0.7567297191887675,"{'eta': 0.14, 'max_depth': 9, 'gamma': 0.0, 'alpha': 0.01, 'lambda': 5, 'subsample': 0.9, 'colsample_bytree': 0.7, 'objective': 'binary:logistic', 'min_child_weight': 1, 'verbosity': 0, 'nthread': 6, 'eval_metric': 'auc', 'seed': 15, 'scale_pos_weight': 3}",57
96,0.6765520000600856,0.757978744149766,"{'eta': 0.1, 'max_depth': 5, 'gamma': 0.1, 'alpha': 1e-05, 'lambda': 0.1, 'subsample': 0.8, 'colsample_bytree': 0.6, 'objective': 'binary:logistic', 'min_child_weight': 1, 'verbosity': 0, 'nthread': 6, 'eval_metric': 'auc', 'seed': 15, 'scale_pos_weight': 3}",96
36,0.676522694644958,0.7548552067082682,"{'eta': 0.14, 'max_depth': 8, 'gamma': 0.0, 'alpha': 10, 'lambda': 5, 'subsample': 0.8, 'colsample_bytree': 0.9, 'objective': 'binary:logistic', 'min_child_weight': 1, 'verbosity': 0, 'nthread': 6, 'eval_metric': 'auc', 'seed': 15, 'scale_pos_weight': 3}",36
47,0.6764756383654156,0.7586022815912636,"{'eta': 0.2, 'max_depth': 7, 'gamma': 0.4, 'alpha': 0.5, 'lambda': 5, 'subsample': 0.5, 'colsample_bytree': 0.8, 'objective': 'binary:logistic', 'min_child_weight': 1, 'verbosity': 0, 'nthread': 6, 'eval_metric': 'auc', 'seed': 15, 'scale_pos_weight': 3}",47
29,0.6762569196143347,0.7529777691107644,"{'eta': 0.01, 'max_depth': 9, 'gamma': 0.1, 'alpha': 5, 'lambda': 5, 'subsample': 0.8, 'colsample_bytree': 0.6, 'objective': 'binary:logistic', 'min_child_weight': 1, 'verbosity': 0, 'nthread': 6, 'eval_metric': 'auc', 'seed': 15, 'scale_pos_weight': 3}",29
28,0.6756160325144899,0.7551638065522621,"{'eta': 0.12, 'max_depth': 6, 'gamma': 0.4, 'alpha': 1e-05, 'lambda': 0.5, 'subsample': 0.9, 'colsample_bytree': 0.5, 'objective': 'binary:logistic', 'min_child_weight': 1, 'verbosity': 0, 'nthread': 6, 'eval_metric': 'auc', 'seed': 15, 'scale_pos_weight': 3}",28
33,0.6755989336488228,0.7532951443057723,"{'eta': 0.2, 'max_depth': 7, 'gamma': 0.4, 'alpha': 5, 'lambda': 0.5, 'subsample': 0.5, 'colsample_bytree': 0.7, 'objective': 'binary:logistic', 'min_child_weight': 1, 'verbosity': 0, 'nthread': 6, 'eval_metric': 'auc', 'seed': 15, 'scale_pos_weight': 3}",33
82,0.6749712766171148,0.7548527691107644,"{'eta': 0.2, 'max_depth': 7, 'gamma': 0.0, 'alpha': 5, 'lambda': 5, 'subsample': 0.8, 'colsample_bytree': 0.5, 'objective': 'binary:logistic', 'min_child_weight': 1, 'verbosity': 0, 'nthread': 6, 'eval_metric': 'auc', 'seed': 15, 'scale_pos_weight': 3}",82
38,0.6742801839154211,0.7554772815912636,"{'eta': 0.1, 'max_depth': 4, 'gamma': 0.3, 'alpha': 5, 'lambda': 0.01, 'subsample': 0.7, 'colsample_bytree': 0.9, 'objective': 'binary:logistic', 'min_child_weight': 1, 'verbosity': 0, 'nthread': 6, 'eval_metric': 'auc', 'seed': 15, 'scale_pos_weight': 3}",38
41,0.6741821502749461,0.7570397815912637,"{'eta': 0.14, 'max_depth': 4, 'gamma': 0.0, 'alpha': 0.5, 'lambda': 0.1, 'subsample': 0.8, 'colsample_bytree': 0.6, 'objective': 'binary:logistic', 'min_child_weight': 1, 'verbosity': 0, 'nthread': 6, 'eval_metric': 'auc', 'seed': 15, 'scale_pos_weight': 3}",41
99,0.673769808259772,0.7586008190327613,"{'eta': 0.14, 'max_depth': 9, 'gamma': 0.2, 'alpha': 1e-05, 'lambda': 1e-05, 'subsample': 0.6, 'colsample_bytree': 0.6, 'objective': 'binary:logistic', 'min_child_weight': 1, 'verbosity': 0, 'nthread': 6, 'eval_metric': 'auc', 'seed': 15, 'scale_pos_weight': 3}",99
3,0.6733755737344662,0.7514181942277691,"{'eta': 0.07, 'max_depth': 5, 'gamma': 0.1, 'alpha': 10, 'lambda': 0.01, 'subsample': 0.7, 'colsample_bytree': 0.7, 'objective': 'binary:logistic', 'min_child_weight': 1, 'verbosity': 0, 'nthread': 6, 'eval_metric': 'auc', 'seed': 15, 'scale_pos_weight': 3}",3
48,0.673343003873255,0.7579763065522621,"{'eta': 0.14, 'max_depth': 5, 'gamma': 0.2, 'alpha': 10, 'lambda': 10, 'subsample': 0.8, 'colsample_bytree': 0.7, 'objective': 'binary:logistic', 'min_child_weight': 1, 'verbosity': 0, 'nthread': 6, 'eval_metric': 'auc', 'seed': 15, 'scale_pos_weight': 3}",48
90,0.6732548826684507,0.7517316692667706,"{'eta': 0.01, 'max_depth': 6, 'gamma': 0.2, 'alpha': 0.01, 'lambda': 1, 'subsample': 0.8, 'colsample_bytree': 0.8, 'objective': 'binary:logistic', 'min_child_weight': 1, 'verbosity': 0, 'nthread': 6, 'eval_metric': 'auc', 'seed': 15, 'scale_pos_weight': 3}",90
55,0.6728522566289195,0.7539181942277692,"{'eta': 0.07, 'max_depth': 5, 'gamma': 0.3, 'alpha': 0.1, 'lambda': 5, 'subsample': 0.7, 'colsample_bytree': 0.5, 'objective': 'binary:logistic', 'min_child_weight': 1, 'verbosity': 0, 'nthread': 6, 'eval_metric': 'auc', 'seed': 15, 'scale_pos_weight': 3}",55
13,0.6725185972220699,0.7548508190327613,"{'eta': 0.1, 'max_depth': 5, 'gamma': 0.3, 'alpha': 10, 'lambda': 1e-05, 'subsample': 0.7, 'colsample_bytree': 0.8, 'objective': 'binary:logistic', 'min_child_weight': 1, 'verbosity': 0, 'nthread': 6, 'eval_metric': 'auc', 'seed': 15, 'scale_pos_weight': 3}",13
37,0.6723790913259171,0.7517321567862714,"{'eta': 0.05, 'max_depth': 4, 'gamma': 0.2, 'alpha': 0.01, 'lambda': 1, 'subsample': 0.5, 'colsample_bytree': 0.7, 'objective': 'binary:logistic', 'min_child_weight': 1, 'verbosity': 0, 'nthread': 6, 'eval_metric': 'auc', 'seed': 15, 'scale_pos_weight': 3}",37
87,0.6723167260740199,0.7532897815912637,"{'eta': 0.07, 'max_depth': 3, 'gamma': 0.3, 'alpha': 0.1, 'lambda': 0.01, 'subsample': 0.5, 'colsample_bytree': 0.8, 'objective': 'binary:logistic', 'min_child_weight': 1, 'verbosity': 0, 'nthread': 6, 'eval_metric': 'auc', 'seed': 15, 'scale_pos_weight': 3}",87
85,0.6722500249643887,0.754226794071763,"{'eta': 0.1, 'max_depth': 3, 'gamma': 0.1, 'alpha': 0.1, 'lambda': 5, 'subsample': 0.9, 'colsample_bytree': 0.6, 'objective': 'binary:logistic', 'min_child_weight': 1, 'verbosity': 0, 'nthread': 6, 'eval_metric': 'auc', 'seed': 15, 'scale_pos_weight': 3}",85
81,0.6722444274451769,0.7511071567862715,"{'eta': 0.1, 'max_depth': 3, 'gamma': 0.3, 'alpha': 0.1, 'lambda': 1, 'subsample': 0.6, 'colsample_bytree': 0.7, 'objective': 'binary:logistic', 'min_child_weight': 1, 'verbosity': 0, 'nthread': 6, 'eval_metric': 'auc', 'seed': 15, 'scale_pos_weight': 3}",81
88,0.6719965271914959,0.7536013065522621,"{'eta': 0.14, 'max_depth': 4, 'gamma': 0.3, 'alpha': 1, 'lambda': 5, 'subsample': 0.8, 'colsample_bytree': 0.5, 'objective': 'binary:logistic', 'min_child_weight': 1, 'verbosity': 0, 'nthread': 6, 'eval_metric': 'auc', 'seed': 15, 'scale_pos_weight': 3}",88
76,0.6718402525275671,0.7517302067082683,"{'eta': 0.14, 'max_depth': 3, 'gamma': 0.4, 'alpha': 1, 'lambda': 0.5, 'subsample': 0.6, 'colsample_bytree': 0.5, 'objective': 'binary:logistic', 'min_child_weight': 1, 'verbosity': 0, 'nthread': 6, 'eval_metric': 'auc', 'seed': 15, 'scale_pos_weight': 3}",76
15,0.6714642821488255,0.7542297191887676,"{'eta': 0.14, 'max_depth': 3, 'gamma': 0.2, 'alpha': 1e-05, 'lambda': 1e-05, 'subsample': 0.8, 'colsample_bytree': 0.5, 'objective': 'binary:logistic', 'min_child_weight': 1, 'verbosity': 0, 'nthread': 6, 'eval_metric': 'auc', 'seed': 15, 'scale_pos_weight': 3}",15
86,0.6713993554615592,0.7557897815912638,"{'eta': 0.12, 'max_depth': 3, 'gamma': 0.0, 'alpha': 1e-05, 'lambda': 0.01, 'subsample': 0.8, 'colsample_bytree': 0.6, 'objective': 'binary:logistic', 'min_child_weight': 1, 'verbosity': 0, 'nthread': 6, 'eval_metric': 'auc', 'seed': 15, 'scale_pos_weight': 3}",86
16,0.6712921277849768,0.7539152691107643,"{'eta': 0.07, 'max_depth': 4, 'gamma': 0.3, 'alpha': 1, 'lambda': 0.5, 'subsample': 0.8, 'colsample_bytree': 0.5, 'objective': 'binary:logistic', 'min_child_weight': 1, 'verbosity': 0, 'nthread': 6, 'eval_metric': 'auc', 'seed': 15, 'scale_pos_weight': 3}",16
26,0.6711738505255405,0.7554772815912637,"{'eta': 0.14, 'max_depth': 3, 'gamma': 0.4, 'alpha': 0.5, 'lambda': 0.1, 'subsample': 0.6, 'colsample_bytree': 0.7, 'objective': 'binary:logistic', 'min_child_weight': 1, 'verbosity': 0, 'nthread': 6, 'eval_metric': 'auc', 'seed': 15, 'scale_pos_weight': 3}",26
9,0.670904444926632,0.7526667316692668,"{'eta': 0.12, 'max_depth': 6, 'gamma': 0.1, 'alpha': 10, 'lambda': 1e-05, 'subsample': 0.5, 'colsample_bytree': 0.8, 'objective': 'binary:logistic', 'min_child_weight': 1, 'verbosity': 0, 'nthread': 6, 'eval_metric': 'auc', 'seed': 15, 'scale_pos_weight': 3}",9
14,0.6707936632111059,0.75141868174727,"{'eta': 0.05, 'max_depth': 3, 'gamma': 0.3, 'alpha': 0.5, 'lambda': 0.5, 'subsample': 0.5, 'colsample_bytree': 0.7, 'objective': 'binary:logistic', 'min_child_weight': 1, 'verbosity': 0, 'nthread': 6, 'eval_metric': 'auc', 'seed': 15, 'scale_pos_weight': 3}",14
17,0.6703690775268953,0.7582878315132605,"{'eta': 0.12, 'max_depth': 3, 'gamma': 0.3, 'alpha': 10, 'lambda': 1e-05, 'subsample': 0.9, 'colsample_bytree': 0.8, 'objective': 'binary:logistic', 'min_child_weight': 1, 'verbosity': 0, 'nthread': 6, 'eval_metric': 'auc', 'seed': 15, 'scale_pos_weight': 3}",17
94,0.670294789177499,0.7498576443057724,"{'eta': 0.05, 'max_depth': 3, 'gamma': 0.1, 'alpha': 0.1, 'lambda': 0.5, 'subsample': 0.7, 'colsample_bytree': 0.9, 'objective': 'binary:logistic', 'min_child_weight': 1, 'verbosity': 0, 'nthread': 6, 'eval_metric': 'auc', 'seed': 15, 'scale_pos_weight': 3}",94
54,0.6702780164922774,0.7536027691107645,"{'eta': 0.14, 'max_depth': 9, 'gamma': 0.3, 'alpha': 10, 'lambda': 0.01, 'subsample': 0.7, 'colsample_bytree': 0.8, 'objective': 'binary:logistic', 'min_child_weight': 1, 'verbosity': 0, 'nthread': 6, 'eval_metric': 'auc', 'seed': 15, 'scale_pos_weight': 3}",54
19,0.6696666599950878,0.7532922191887674,"{'eta': 0.12, 'max_depth': 3, 'gamma': 0.0, 'alpha': 0.1, 'lambda': 10, 'subsample': 0.8, 'colsample_bytree': 0.8, 'objective': 'binary:logistic', 'min_child_weight': 1, 'verbosity': 0, 'nthread': 6, 'eval_metric': 'auc', 'seed': 15, 'scale_pos_weight': 3}",19
62,0.6696022214009301,0.7439220943837753,"{'eta': 0.01, 'max_depth': 5, 'gamma': 0.3, 'alpha': 0.1, 'lambda': 1, 'subsample': 0.7, 'colsample_bytree': 0.9, 'objective': 'binary:logistic', 'min_child_weight': 1, 'verbosity': 0, 'nthread': 6, 'eval_metric': 'auc', 'seed': 15, 'scale_pos_weight': 3}",62
43,0.6691658494365493,0.7461095943837753,"{'eta': 0.01, 'max_depth': 5, 'gamma': 0.3, 'alpha': 0.5, 'lambda': 1, 'subsample': 0.7, 'colsample_bytree': 0.8, 'objective': 'binary:logistic', 'min_child_weight': 1, 'verbosity': 0, 'nthread': 6, 'eval_metric': 'auc', 'seed': 15, 'scale_pos_weight': 3}",43
20,0.6681908551007166,0.7542277691107644,"{'eta': 0.07, 'max_depth': 3, 'gamma': 0.4, 'alpha': 5, 'lambda': 0.1, 'subsample': 0.9, 'colsample_bytree': 0.8, 'objective': 'binary:logistic', 'min_child_weight': 1, 'verbosity': 0, 'nthread': 6, 'eval_metric': 'auc', 'seed': 15, 'scale_pos_weight': 3}",20
21,0.6678980109846874,0.7545407566302652,"{'eta': 0.07, 'max_depth': 7, 'gamma': 0.0, 'alpha': 10, 'lambda': 0.5, 'subsample': 0.8, 'colsample_bytree': 0.5, 'objective': 'binary:logistic', 'min_child_weight': 1, 'verbosity': 0, 'nthread': 6, 'eval_metric': 'auc', 'seed': 15, 'scale_pos_weight': 3}",21
27,0.6663097166020103,0.7420475819032761,"{'eta': 0.01, 'max_depth': 5, 'gamma': 0.2, 'alpha': 0.5, 'lambda': 5, 'subsample': 0.9, 'colsample_bytree': 0.9, 'objective': 'binary:logistic', 'min_child_weight': 1, 'verbosity': 0, 'nthread': 6, 'eval_metric': 'auc', 'seed': 15, 'scale_pos_weight': 3}",27
89,0.6654754296830727,0.7511052067082683,"{'eta': 0.12, 'max_depth': 9, 'gamma': 0.0, 'alpha': 10, 'lambda': 1e-05, 'subsample': 0.6, 'colsample_bytree': 0.5, 'objective': 'binary:logistic', 'min_child_weight': 1, 'verbosity': 0, 'nthread': 6, 'eval_metric': 'auc', 'seed': 15, 'scale_pos_weight': 3}",89
2,0.6646929436048132,0.7454831318252729,"{'eta': 0.01, 'max_depth': 5, 'gamma': 0.3, 'alpha': 5, 'lambda': 0.1, 'subsample': 0.7, 'colsample_bytree': 0.8, 'objective': 'binary:logistic', 'min_child_weight': 1, 'verbosity': 0, 'nthread': 6, 'eval_metric': 'auc', 'seed': 15, 'scale_pos_weight': 3}",2
12,0.6637705512869797,0.7417365444617785,"{'eta': 0.01, 'max_depth': 4, 'gamma': 0.2, 'alpha': 0.1, 'lambda': 0.01, 'subsample': 0.7, 'colsample_bytree': 0.8, 'objective': 'binary:logistic', 'min_child_weight': 1, 'verbosity': 0, 'nthread': 6, 'eval_metric': 'auc', 'seed': 15, 'scale_pos_weight': 3}",12
70,0.6619543846767453,0.752041244149766,"{'eta': 0.05, 'max_depth': 3, 'gamma': 0.4, 'alpha': 0.5, 'lambda': 10, 'subsample': 0.8, 'colsample_bytree': 0.6, 'objective': 'binary:logistic', 'min_child_weight': 1, 'verbosity': 0, 'nthread': 6, 'eval_metric': 'auc', 'seed': 15, 'scale_pos_weight': 3}",70
0,0.657585048664572,0.753288806552262,"{'eta': 0.05, 'max_depth': 3, 'gamma': 0.4, 'alpha': 5, 'lambda': 1e-05, 'subsample': 0.6, 'colsample_bytree': 0.6, 'objective': 'binary:logistic', 'min_child_weight': 1, 'verbosity': 0, 'nthread': 6, 'eval_metric': 'auc', 'seed': 15, 'scale_pos_weight': 3}",0
73,0.6537752799816097,0.73986251950078,"{'eta': 0.01, 'max_depth': 3, 'gamma': 0.4, 'alpha': 0.01, 'lambda': 0.5, 'subsample': 0.9, 'colsample_bytree': 0.7, 'objective': 'binary:logistic', 'min_child_weight': 1, 'verbosity': 0, 'nthread': 6, 'eval_metric': 'auc', 'seed': 15, 'scale_pos_weight': 3}",73
66,0.6523922622604823,0.7401735569422776,"{'eta': 0.01, 'max_depth': 3, 'gamma': 0.4, 'alpha': 1e-05, 'lambda': 1e-05, 'subsample': 0.8, 'colsample_bytree': 0.9, 'objective': 'binary:logistic', 'min_child_weight': 1, 'verbosity': 0, 'nthread': 6, 'eval_metric': 'auc', 'seed': 15, 'scale_pos_weight': 3}",66
78,0.647537639170101,0.7379865444617785,"{'eta': 0.01, 'max_depth': 3, 'gamma': 0.2, 'alpha': 0.1, 'lambda': 5, 'subsample': 0.6, 'colsample_bytree': 0.6, 'objective': 'binary:logistic', 'min_child_weight': 1, 'verbosity': 0, 'nthread': 6, 'eval_metric': 'auc', 'seed': 15, 'scale_pos_weight': 3}",78
10,0.6416445710262078,0.7382995319812792,"{'eta': 0.01, 'max_depth': 3, 'gamma': 0.3, 'alpha': 5, 'lambda': 10, 'subsample': 0.9, 'colsample_bytree': 0.7, 'objective': 'binary:logistic', 'min_child_weight': 1, 'verbosity': 0, 'nthread': 6, 'eval_metric': 'auc', 'seed': 15, 'scale_pos_weight': 3}",10
1,0.6367902946350004,0.7364255070202809,"{'eta': 0.01, 'max_depth': 3, 'gamma': 0.1, 'alpha': 10, 'lambda': 5, 'subsample': 0.7, 'colsample_bytree': 0.6, 'objective': 'binary:logistic', 'min_child_weight': 1, 'verbosity': 0, 'nthread': 6, 'eval_metric': 'auc', 'seed': 15, 'scale_pos_weight': 3}",1
